1,11/14/2015,9,FALSE,,0,FALSE,TRUE,FALSE,0:00:00,1,0
1,11/15/2015,9,FALSE,,0,FALSE,TRUE,FALSE,0:00:00,1,0
1,11/16/2015,9,FALSE,,0,FALSE,TRUE,FALSE,23:00:00,1,3
1,11/17/2015,9,FALSE,,0,FALSE,TRUE,FALSE,0:00:00,1,1
1,11/18/2015,9,FALSE,,0,FALSE,TRUE,FALSE,23:30:00,1,1
1,11/19/2015,8,FALSE,,0,FALSE,TRUE,FALSE,22:30:00,1,1
1,11/20/2015,7,TRUE,Early-awakening insomnia,1,FALSE,TRUE,FALSE,12:00:00,1,1
1,11/21/2015,7,TRUE,Early-awakening insomnia,3,FALSE,TRUE,FALSE,23:00:00,1,1
1,11/22/2015,9,TRUE,Early-awakening insomnia,3,FALSE,TRUE,FALSE,23:00:00,1,1
1,11/23/2015,5,TRUE,Early-awakening insomnia,4,FALSE,TRUE,FALSE,12:00:00,1,1
1,11/24/2015,9,TRUE,Early-awakening insomnia,4,FALSE,TRUE,FALSE,23:00:00,1,3
1,11/25/2015,9,FALSE,,0,TRUE,TRUE,FALSE,23:00:00,1,2
1,11/26/2015,6,TRUE,Early-awakening insomnia,4,TRUE,FALSE,FALSE,22:30:00,1,3
1,11/27/2015,6,TRUE,Early-awakening insomnia,4,FALSE,TRUE,FALSE,23:30:00,1,1
1,11/28/2015,9,TRUE,Early-awakening insomnia,2,TRUE,TRUE,FALSE,22:00:00,1,3
1,11/29/2015,9,TRUE,Early-awakening insomnia,4,FALSE,TRUE,FALSE,22:30:00,1,3
1,11/30/2015,8,FALSE,,0,FALSE,TRUE,FALSE,23:00:00,1,1
1,12/1/2015,5,TRUE,Early-awakening insomnia,5,FALSE,TRUE,FALSE,23:30:00,5,3
1,12/2/2015,4,TRUE,Early-awakening insomnia,8,FALSE,TRUE,FALSE,23:00:00,3,3
1,12/3/2015,9,FALSE,,0,FALSE,TRUE,FALSE,23:00:00,5,1
1,12/4/2015,4,TRUE,Early-awakening insomnia,8,TRUE,TRUE,TRUE,12:00:00,2,1
1,12/5/2015,3,TRUE,Early-awakening insomnia,9,TRUE,TRUE,TRUE,2:00:00,2,2
1,12/6/2015,0,TRUE,Sleep-onset insomnia,10,TRUE,TRUE,TRUE,7:00:00,2,3
1,12/7/2015,5,TRUE,Early-awakening insomnia,3,FALSE,TRUE,TRUE,12:00:00,2,2
1,12/8/2015,4,TRUE,Early-awakening insomnia,7,FALSE,TRUE,TRUE,12:00:00,2,1
1,12/9/2015,4,TRUE,Early-awakening insomnia,9,FALSE,FALSE,FALSE,23:00:00,3,3
1,12/10/2015,7,TRUE,Early-awakening insomnia,5,FALSE,TRUE,FALSE,23:00:00,1,1
1,12/11/2015,9,TRUE,Early-awakening insomnia,3,TRUE,TRUE,FALSE,12:00:00,1,1
1,12/12/2015,5,TRUE,Early-awakening insomnia,7,TRUE,TRUE,FALSE,12:00:00,2,1
1,12/13/2015,9,TRUE,Early-awakening insomnia,1,FALSE,TRUE,FALSE,23:00:00,4,1
1,12/14/2015,7,TRUE,Early-awakening insomnia,4,FALSE,FALSE,FALSE,23:00:00,3,3
1,12/15/2015,7,TRUE,Early-awakening insomnia,3,FALSE,FALSE,FALSE,23:30:00,3,1
1,12/16/2015,9,TRUE,Early-awakening insomnia,3,FALSE,FALSE,FALSE,23:00:00,2,3
1,12/17/2015,9,FALSE,,0,FALSE,FALSE,FALSE,22:30:00,2,1
1,12/18/2015,7,TRUE,Sleep-onset insomnia,3,FALSE,FALSE,FALSE,23:30:00,3,1
1,12/19/2015,5,TRUE,Early-awakening insomnia,5,TRUE,FALSE,FALSE,23:00:00,2,1
1,12/20/2015,9,FALSE,,0,FALSE,TRUE,FALSE,22:30:00,2,1
1,12/21/2015,7,TRUE,Early-awakening insomnia,3,TRUE,TRUE,FALSE,23:00:00,2,1
1,12/22/2015,7,TRUE,Early-awakening insomnia,3,FALSE,FALSE,FALSE,23:00:00,1,1
1,12/23/2015,4,TRUE,Early-awakening insomnia,8,FALSE,TRUE,FALSE,23:00:00,3,1
1,12/24/2015,4,TRUE,Early-awakening insomnia,9,TRUE,FALSE,FALSE,23:30:00,1,1
1,12/25/2015,3,TRUE,Early-awakening insomnia,8,TRUE,FALSE,FALSE,12:00:00,2,1
1,12/26/2015,5,TRUE,Early-awakening insomnia,7,FALSE,FALSE,FALSE,12:00:00,1,1
1,12/27/2015,6,TRUE,Early-awakening insomnia,4,FALSE,FALSE,FALSE,23:30:00,3,4
1,12/28/2015,4,TRUE,Sleep-maintenance insomnia,7,TRUE,FALSE,FALSE,23:30:00,2,3
1,12/29/2015,9,TRUE,Early-awakening insomnia,2,TRUE,FALSE,TRUE,23:00:00,1,3
1,12/30/2015,5,TRUE,Sleep-maintenance insomnia,7,FALSE,FALSE,TRUE,22:30:00,4,3
1,12/31/2015,8,FALSE,,0,TRUE,FALSE,TRUE,22:00:00,3,3
1,1/1/2016,6,TRUE,Early-awakening insomnia,5,TRUE,FALSE,TRUE,1:30:00,2,3
1,1/2/2016,9,FALSE,,0,FALSE,TRUE,TRUE,22:00:00,3,3
1,1/3/2016,5,TRUE,Sleep-maintenance insomnia,7,FALSE,TRUE,FALSE,23:00:00,8,3
1,1/4/2016,9,TRUE,Early-awakening insomnia,5,TRUE,FALSE,FALSE,23:00:00,0,3
1,1/5/2016,8,TRUE,Early-awakening insomnia,2,FALSE,FALSE,FALSE,22:30:00,0,4
1,1/6/2016,9,FALSE,,,FALSE,FALSE,FALSE,22:30:00,5,3
1,1/7/2016,7,TRUE,Early-awakening insomnia,4,FALSE,TRUE,FALSE,23:00:00,4,3
1,1/8/2016,9,FALSE,,,FALSE,TRUE,FALSE,22:30:00,4,3
1,1/9/2016,9,FALSE,,,TRUE,FALSE,FALSE,22:30:00,4,3
1,1/10/2016,9,FALSE,,,TRUE,FALSE,FALSE,22:30:00,4,3
1,1/11/2016,6,TRUE,Early-awakening insomnia,,FALSE,FALSE,FALSE,23:30:00,4,3
1,1/12/2016,8,FALSE,,,FALSE,TRUE,FALSE,22:30:00,4,3
1,1/13/2016,9,FALSE,,,FALSE,FALSE,FALSE,22:30:00,3,3
1,1/14/2016,7,TRUE,Early-awakening insomnia,2,TRUE,FALSE,FALSE,23:00:00,7,1
1,1/15/2016,6,TRUE,Early-awakening insomnia,3,FALSE,FALSE,FALSE,23:30:00,4,3
1,1/16/2016,7,TRUE,Early-awakening insomnia,7,TRUE,FALSE,FALSE,23:30:00,3,3
1,1/17/2016,3,TRUE,Sleep-maintenance insomnia,8,FALSE,FALSE,FALSE,23:00:00,7,3
1,1/18/2016,6,TRUE,Early-awakening insomnia,5,FALSE,FALSE,FALSE,23:30:00,3,3
1,1/19/2016,5,TRUE,Sleep-maintenance insomnia,6,TRUE,TRUE,FALSE,23:00:00,5,3
1,1/20/2016,6,TRUE,Sleep-maintenance insomnia,5,FALSE,FALSE,FALSE,0:00:00,8,3
1,1/21/2016,4,TRUE,Sleep-maintenance insomnia,8,FALSE,FALSE,FALSE,23:00:00,8,3
1,1/22/2016,9,TRUE,Early-awakening insomnia,3,TRUE,TRUE,FALSE,23:30:00,4,4
1,1/23/2016,9,FALSE,,,FALSE,FALSE,TRUE,22:00:00,4,3
1,1/24/2016,4,TRUE,Sleep-maintenance insomnia,8,FALSE,TRUE,TRUE,0:00:00,8,3
1,1/25/2016,6,TRUE,Early-awakening insomnia,4,FALSE,TRUE,TRUE,22:30:00,6,3
1,1/26/2016,6,TRUE,Early-awakening insomnia,4,FALSE,FALSE,TRUE,23:30:00,4,3
1,1/27/2016,5,TRUE,Sleep-maintenance insomnia,5,TRUE,TRUE,TRUE,0:00:00,5,3
1,1/28/2016,4,TRUE,Sleep-maintenance insomnia,7,FALSE,TRUE,FALSE,22:00:00,6,3
1,1/29/2016,9,TRUE,Sleep-onset insomnia,2,TRUE,TRUE,FALSE,23:00:00,4,3
1,1/30/2016,9,FALSE,,,FALSE,TRUE,FALSE,22:30:00,3,3
1,1/31/2016,5,TRUE,Early-awakening insomnia,4,TRUE,TRUE,FALSE,23:30:00,3,3
1,2/1/2016,9,FALSE,,,FALSE,FALSE,FALSE,22:00:00,4,3
1,2/2/2016,8,TRUE,Early-awakening insomnia,1,FALSE,FALSE,FALSE,22:30:00,8,3
1,2/3/2016,8,TRUE,Early-awakening insomnia,1,TRUE,TRUE,FALSE,23:30:00,7,3
1,2/4/2016,9,TRUE,Early-awakening insomnia,1,FALSE,TRUE,FALSE,23:30:00,8,1
1,2/5/2016,7,TRUE,Early-awakening insomnia,4,FALSE,TRUE,FALSE,23:00:00,7,1
1,2/6/2016,7,TRUE,Early-awakening insomnia,3,TRUE,TRUE,FALSE,23:30:00,2,1
1,2/7/2016,8,TRUE,Early-awakening insomnia,2,TRUE,FALSE,FALSE,0:30:00,5,3
1,2/8/2016,7,TRUE,Early-awakening insomnia,2,FALSE,TRUE,FALSE,22:30:00,7,3
1,2/9/2016,8,TRUE,Early-awakening insomnia,2,FALSE,TRUE,FALSE,23:00:00,10,1
1,2/10/2016,8,TRUE,Early-awakening insomnia,2,FALSE,TRUE,FALSE,23:30:00,4,3
1,2/11/2016,7,TRUE,Early-awakening insomnia,2,FALSE,FALSE,FALSE,22:00:00,4,3
1,2/12/2016,4,TRUE,Sleep-maintenance insomnia,5,TRUE,TRUE,FALSE,0:00:00,5,3
1,2/13/2016,6,TRUE,Sleep-maintenance insomnia,3,TRUE,TRUE,FALSE,22:30:00,5,3
1,2/14/2016,4,TRUE,Early-awakening insomnia,8,FALSE,TRUE,FALSE,23:30:00,5,3
1,2/15/2016,8,FALSE,,,TRUE,TRUE,FALSE,23:00:00,4,3
1,2/16/2016,8,FALSE,,,FALSE,TRUE,FALSE,23:00:00,5,3
1,2/17/2016,7,TRUE,Sleep-maintenance insomnia,3,FALSE,TRUE,TRUE,23:30:00,4,3
1,2/18/2016,6,TRUE,Early-awakening insomnia,3,FALSE,TRUE,TRUE,23:30:00,4,3
1,2/19/2016,6,TRUE,Early-awakening insomnia,3,FALSE,TRUE,TRUE,23:30:00,4,3
1,2/20/2016,7,TRUE,Early-awakening insomnia,3,FALSE,TRUE,TRUE,23:30:00,4,3
1,2/21/2016,8,TRUE,Early-awakening insomnia,1,TRUE,TRUE,TRUE,23:00:00,2,3
1,2/22/2016,6,TRUE,Sleep-maintenance insomnia,5,TRUE,TRUE,FALSE,0:00:00,3,3
1,2/23/2016,9,FALSE,,,FALSE,FALSE,FALSE,22:30:00,10,1
1,2/24/2016,6,TRUE,Early-awakening insomnia,3,FALSE,FALSE,FALSE,23:00:00,10,1
1,2/25/2016,6,TRUE,Early-awakening insomnia,3,FALSE,TRUE,FALSE,23:30:00,5,1
1,2/26/2016,5,TRUE,Early-awakening insomnia,5,FALSE,TRUE,FALSE,23:30:00,5,1
1,2/27/2016,7,TRUE,Sleep-onset insomnia,2,FALSE,TRUE,FALSE,23:00:00,8,1
1,2/28/2016,8,FALSE,,,FALSE,TRUE,FALSE,23:00:00,8,3
1,2/29/2016,8,FALSE,,,FALSE,FALSE,FALSE,23:00:00,5,1
1,3/1/2016,8,TRUE,Early-awakening insomnia,2,FALSE,FALSE,FALSE,22:30:00,7,3
1,3/2/2016,8,TRUE,Early-awakening insomnia,2,FALSE,FALSE,FALSE,23:00:00,7,3
1,3/3/2016,4,TRUE,Sleep-maintenance insomnia,8,FALSE,TRUE,FALSE,23:00:00,6,3
1,3/4/2016,8,FALSE,,,FALSE,TRUE,FALSE,23:00:00,5,1
1,3/5/2016,8,FALSE,,,FALSE,TRUE,FALSE,23:00:00,8,1
1,3/6/2016,6,TRUE,Sleep-maintenance insomnia,5,TRUE,FALSE,FALSE,23:30:00,5,3
1,3/7/2016,7,TRUE,Early-awakening insomnia,2,FALSE,FALSE,FALSE,23:00:00,7,3
1,3/8/2016,4,TRUE,Sleep-maintenance insomnia,8,FALSE,TRUE,FALSE,23:30:00,6,3
1,3/9/2016,8,FALSE,,,FALSE,FALSE,FALSE,23:00:00,6,1
1,3/10/2016,8,FALSE,,,FALSE,TRUE,FALSE,23:00:00,4,1
1,3/11/2016,8,FALSE,,,FALSE,FALSE,FALSE,23:00:00,5,3
1,3/12/2016,8,FALSE,,,FALSE,TRUE,FALSE,22:30:00,8,3
1,3/13/2016,9,FALSE,,,FALSE,TRUE,FALSE,22:30:00,6,3
1,3/14/2016,9,FALSE,,,FALSE,TRUE,FALSE,23:00:00,4,3
1,3/15/2016,8,TRUE,Sleep-maintenance insomnia,5,FALSE,TRUE,TRUE,22:30:00,3,4
1,3/16/2016,9,FALSE,,,FALSE,FALSE,TRUE,23:00:00,3,4
1,3/17/2016,9,FALSE,,,FALSE,TRUE,FALSE,23:00:00,3,4
1,3/18/2016,8,FALSE,,,FALSE,TRUE,FALSE,23:00:00,5,4
1,3/19/2016,8.5,FALSE,,,FALSE,FALSE,FALSE,23:00:00,5,4
1,3/20/2016,5,TRUE,Sleep-maintenance insomnia,5,FALSE,FALSE,FALSE,23:00:00,4,1
1,3/21/2016,9,FALSE,,,FALSE,TRUE,FALSE,23:00:00,3,3
1,3/22/2016,8,FALSE,,,FALSE,TRUE,FALSE,23:00:00,5,3
1,3/23/2016,9,FALSE,,,FALSE,TRUE,FALSE,23:00:00,3,4
1,3/24/2016,9,FALSE,,,FALSE,TRUE,FALSE,23:00:00,5,3
1,3/25/2016,8,FALSE,,,FALSE,TRUE,FALSE,23:00:00,5,4
1,3/26/2016,9,FALSE,,,FALSE,TRUE,FALSE,23:00:00,5,3
1,3/27/2016,9,FALSE,,,FALSE,TRUE,FALSE,23:00:00,5,4
1,3/28/2016,9,FALSE,,,FALSE,TRUE,FALSE,23:00:00,3,4
1,3/29/2016,8,FALSE,,,FALSE,TRUE,FALSE,23:30:00,4,4
1,3/30/2016,8,FALSE,,,FALSE,TRUE,FALSE,23:00:00,4,5
1,3/31/2016,8,FALSE,,,FALSE,TRUE,FALSE,23:00:00,4,4
1,4/1/2016,7,TRUE,Sleep-maintenance insomnia,2,FALSE,TRUE,FALSE,23:00:00,5,4
1,4/2/2016,3,TRUE,Sleep-onset insomnia,7,FALSE,TRUE,FALSE,23:30:00,7,2
1,4/3/2016,5,TRUE,Sleep-onset insomnia,4,FALSE,TRUE,FALSE,23:30:00,8,3
1,4/4/2016,3,TRUE,Sleep-onset insomnia,8,FALSE,FALSE,FALSE,23:00:00,5,4
1,4/5/2016,8.5,FALSE,,,FALSE,TRUE,FALSE,23:00:00,2,4
1,4/6/2016,5,TRUE,Sleep-maintenance insomnia,7,FALSE,FALSE,FALSE,23:00:00,2,4
1,4/7/2016,5,TRUE,Sleep-maintenance insomnia,7,FALSE,FALSE,TRUE,23:00:00,5,4
1,4/8/2016,2,TRUE,Sleep-onset insomnia,10,FALSE,FALSE,TRUE,23:30:00,8,2
1,4/9/2016,8,FALSE,,,FALSE,TRUE,TRUE,23:30:00,3,2
1,4/10/2016,7,TRUE,Sleep-onset insomnia,2,FALSE,TRUE,TRUE,23:00:00,3,4
1,4/11/2016,5,TRUE,Sleep-onset insomnia,8,FALSE,FALSE,TRUE,23:00:00,7,2
1,4/12/2016,7,TRUE,Early-awakening insomnia,5,FALSE,TRUE,FALSE,23:00:00,5,2
1,4/13/2016,7,TRUE,Early-awakening insomnia,5,FALSE,TRUE,FALSE,23:00:00,5,4
1,4/14/2016,8,FALSE,,,FALSE,FALSE,FALSE,23:00:00,3,4
1,4/15/2016,6.5,TRUE,Sleep-maintenance insomnia,6,FALSE,TRUE,FALSE,0:00:00,3,4
1,4/16/2016,6.5,TRUE,Sleep-maintenance insomnia,6,FALSE,TRUE,FALSE,23:30:00,3,4
1,4/17/2016,8,FALSE,,,FALSE,TRUE,FALSE,23:00:00,3,4
1,4/18/2016,9,FALSE,,,FALSE,TRUE,FALSE,23:00:00,3,4
1,4/19/2016,8,FALSE,,,FALSE,FALSE,FALSE,23:00:00,4,5
1,4/20/2016,8.5,FALSE,,,FALSE,FALSE,FALSE,23:00:00,4,4
1,4/21/2016,8,FALSE,,,FALSE,FALSE,FALSE,23:00:00,2,3
1,4/22/2016,9,FALSE,,,FALSE,TRUE,FALSE,23:30:00,2,4
1,4/23/2016,8,FALSE,,,TRUE,TRUE,FALSE,0:00:00,4,4
1,4/24/2016,8,TRUE,Sleep-maintenance insomnia,6,FALSE,FALSE,FALSE,23:00:00,7,2
1,4/25/2016,9,FALSE,,,FALSE,TRUE,FALSE,23:00:00,5,2
1,4/26/2016,6,TRUE,Sleep-maintenance insomnia,6,FALSE,TRUE,FALSE,23:00:00,8,4
1,4/27/2016,8,FALSE,,,FALSE,TRUE,FALSE,23:00:00,6,4
1,4/28/2016,9,FALSE,,,FALSE,TRUE,FALSE,23:00:00,4,4
1,4/29/2016,8.5,FALSE,,,FALSE,TRUE,FALSE,23:00:00,5,2
1,4/30/2016,9,FALSE,,,TRUE,TRUE,FALSE,23:30:00,2,4
1,5/1/2016,9,FALSE,,,FALSE,FALSE,FALSE,23:00:00,4,4
1,5/2/2016,8,FALSE,,,FALSE,TRUE,FALSE,23:00:00,5,2
1,5/3/2016,9,FALSE,,,FALSE,FALSE,TRUE,23:00:00,2,7
1,5/4/2016,9,FALSE,,,FALSE,FALSE,TRUE,23:00:00,2,4
1,5/5/2016,8,FALSE,,,TRUE,TRUE,TRUE,23:00:00,3,4
1,5/6/2016,9,FALSE,,,FALSE,TRUE,TRUE,0:00:00,5,4
1,5/7/2016,9,FALSE,,,FALSE,TRUE,TRUE,23:00:00,3,3